Age,Department,JobRole,MonthlyIncome,Attrition_Probability,Actual_Attrition,Risk_Level
21,Sales,Sales Representative,2174,0.992736164671167,Yes,High
25,Sales,Sales Representative,1118,0.9879038753992709,Yes,High
19,Sales,Sales Representative,2121,0.9666340241590563,Yes,High
40,Sales,Sales Executive,9094,0.9650635907953677,Yes,High
25,Sales,Sales Representative,4400,0.96358590643959,Yes,High
26,Research & Development,Research Scientist,2042,0.9523821790017761,Yes,High
31,Sales,Sales Executive,4559,0.940256922011463,Yes,High
33,Research & Development,Research Scientist,3348,0.934602627228805,Yes,High
31,Human Resources,Human Resources,6410,0.9233754727353507,No,High
24,Sales,Sales Executive,4577,0.918893038581373,Yes,High
33,Sales,Sales Executive,8224,0.9157256703958057,Yes,High
41,Sales,Sales Representative,3140,0.9008206849214132,Yes,High
50,Sales,Sales Representative,2683,0.8977055448013137,Yes,High
28,Research & Development,Laboratory Technician,3867,0.8911180714075415,No,High
42,Research & Development,Laboratory Technician,4272,0.8874080035039185,No,High
21,Sales,Sales Representative,3447,0.8867976270366641,No,High
26,Sales,Sales Executive,5828,0.8832096857781296,Yes,High
18,Sales,Sales Representative,1200,0.8646647005899993,No,High
24,Research & Development,Research Scientist,3760,0.8611219357473484,No,High
35,Research & Development,Laboratory Technician,4425,0.8610688122304565,No,High
24,Research & Development,Laboratory Technician,3597,0.8590781534611437,No,High
47,Sales,Sales Representative,2976,0.8536523332231094,No,High
32,Research & Development,Laboratory Technician,3730,0.8535724528370213,Yes,High
38,Sales,Sales Representative,2858,0.8443197222234285,No,High
30,Research & Development,Laboratory Technician,2422,0.8250655257964368,Yes,High
29,Sales,Sales Representative,2800,0.8215678597200654,Yes,High
29,Research & Development,Research Scientist,2404,0.8198158624391197,Yes,High
35,Research & Development,Research Scientist,4249,0.8169628864476255,No,High
25,Sales,Sales Executive,4487,0.798237625839669,No,High
38,Sales,Sales Executive,6861,0.7881132129979797,No,High
31,Research & Development,Research Scientist,2321,0.7695666080251842,Yes,High
23,Research & Development,Laboratory Technician,3295,0.7674593992441893,No,High
40,Sales,Sales Executive,9705,0.7461506907776305,No,High
35,Research & Development,Laboratory Technician,3681,0.7441714313079982,No,High
38,Research & Development,Research Scientist,3057,0.7435943385425589,No,High
47,Sales,Sales Representative,3294,0.7392416822577205,No,High
36,Research & Development,Manufacturing Director,4663,0.7388901772552122,No,High
29,Research & Development,Research Scientist,2389,0.7363628170002646,Yes,High
35,Human Resources,Human Resources,8837,0.7355863217539459,No,High
35,Research & Development,Research Scientist,4930,0.732167135392361,No,High
36,Sales,Sales Executive,6134,0.7288215431890228,Yes,High
37,Research & Development,Laboratory Technician,2090,0.7235292267579045,Yes,High
56,Research & Development,Research Scientist,4963,0.7115027999519212,Yes,High
27,Research & Development,Research Scientist,2478,0.6962113453059994,No,High
26,Research & Development,Research Scientist,2933,0.6946905720820306,No,High
39,Research & Development,Manager,19272,0.6929227244977828,No,High
35,Research & Development,Healthcare Representative,10388,0.6924233085423052,No,High
39,Human Resources,Human Resources,6389,0.6922369880304492,No,High
36,Research & Development,Research Scientist,3388,0.6842983517074577,Yes,High
29,Research & Development,Research Scientist,4787,0.6674971452009738,Yes,High
32,Sales,Sales Executive,9610,0.6670030416443061,No,High
32,Research & Development,Research Scientist,3433,0.6611812542888527,No,High
30,Research & Development,Manufacturing Director,9667,0.6595823043051963,No,High
40,Research & Development,Manufacturing Director,7945,0.6543297203187632,No,High
25,Sales,Sales Executive,4256,0.6459688284827558,No,High
51,Research & Development,Laboratory Technician,2838,0.6449979679067714,No,High
31,Sales,Sales Representative,2791,0.6379599001612509,No,High
42,Research & Development,Research Scientist,2759,0.6379037363021695,Yes,High
34,Sales,Sales Executive,9888,0.6330874635008101,No,High
27,Research & Development,Manufacturing Director,6142,0.6111336896549241,No,High
22,Research & Development,Laboratory Technician,2871,0.6078978441625421,No,High
31,Research & Development,Laboratory Technician,4197,0.5935674223750793,No,High
31,Sales,Sales Representative,2789,0.5887430316631296,No,High
22,Research & Development,Research Scientist,2853,0.5864637947550968,Yes,High
29,Sales,Sales Representative,2157,0.5862263881008233,No,High
31,Research & Development,Research Scientist,3929,0.5854440809026933,No,High
35,Research & Development,Manufacturing Director,9362,0.584460777385379,No,High
35,Sales,Sales Representative,2430,0.5830237764488095,No,High
37,Research & Development,Healthcare Representative,4777,0.5819878464585934,Yes,High
35,Research & Development,Laboratory Technician,2705,0.5795249965801785,No,High
51,Sales,Sales Executive,10596,0.5792767649896396,No,High
30,Research & Development,Manufacturing Director,6877,0.5682806916388597,No,High
27,Sales,Sales Representative,3540,0.5668302753094396,No,High
44,Research & Development,Laboratory Technician,3708,0.5551123800929634,No,High
35,Sales,Sales Executive,4581,0.5550815119165448,Yes,High
48,Research & Development,Laboratory Technician,2559,0.5463644547032949,No,High
36,Sales,Sales Executive,5507,0.5458925833645987,No,High
26,Human Resources,Human Resources,2148,0.5344607437308224,Yes,High
34,Research & Development,Laboratory Technician,4404,0.5311616661476426,No,High
28,Sales,Sales Representative,1052,0.5262927667966119,No,High
31,Sales,Sales Executive,5468,0.517820987577136,No,High
36,Sales,Sales Representative,4502,0.5158477298353682,No,High
34,Research & Development,Laboratory Technician,2008,0.5086847522736905,No,High
54,Sales,Sales Executive,10686,0.5069879219160124,No,High
29,Research & Development,Manufacturing Director,5056,0.4995712875331909,No,Medium
31,Sales,Sales Executive,5332,0.49041530862569005,No,Medium
41,Human Resources,Manager,19141,0.4880484709321926,No,Medium
30,Research & Development,Research Scientist,2141,0.48304841033488327,No,Medium
50,Sales,Sales Executive,4728,0.48037193270136874,Yes,Medium
48,Sales,Sales Representative,2655,0.47692152038433927,Yes,Medium
49,Sales,Sales Executive,13120,0.4743465718164082,No,Medium
29,Research & Development,Healthcare Representative,6294,0.4648103602127392,No,Medium
44,Human Resources,Human Resources,10482,0.459266251834015,Yes,Medium
28,Research & Development,Healthcare Representative,8722,0.45288679585657754,Yes,Medium
44,Research & Development,Laboratory Technician,2362,0.4519733052563776,Yes,Medium
36,Research & Development,Manufacturing Director,6499,0.4495058863730838,No,Medium
33,Human Resources,Human Resources,2277,0.43847915601126247,No,Medium
33,Sales,Sales Executive,4373,0.4316302650995442,No,Medium
26,Research & Development,Research Scientist,3102,0.4313663953073684,Yes,Medium
31,Research & Development,Manufacturing Director,6179,0.42678779071563505,Yes,Medium
31,Research & Development,Laboratory Technician,1129,0.4156565731901635,No,Medium
24,Research & Development,Research Scientist,2725,0.41478229881737716,No,Medium
41,Research & Development,Research Scientist,2107,0.4092367030784181,Yes,Medium
34,Research & Development,Research Scientist,2960,0.40911891285940977,Yes,Medium
43,Research & Development,Laboratory Technician,5257,0.3879743686623825,No,Medium
26,Sales,Sales Executive,6272,0.38247389235393364,No,Medium
31,Research & Development,Research Scientist,5003,0.3803470848270759,No,Medium
29,Research & Development,Healthcare Representative,4335,0.3784066504940685,No,Medium
29,Research & Development,Laboratory Technician,2974,0.3738574373521723,No,Medium
42,Research & Development,Laboratory Technician,2766,0.37358868324509115,No,Medium
33,Research & Development,Research Scientist,2909,0.3703656073165542,No,Medium
40,Research & Development,Manufacturing Director,6516,0.3665502304496454,No,Medium
35,Research & Development,Healthcare Representative,9884,0.36244480452845923,No,Medium
35,Research & Development,Healthcare Representative,6540,0.36134772879498056,No,Medium
37,Research & Development,Research Scientist,2782,0.35206039732904065,No,Medium
24,Research & Development,Laboratory Technician,2127,0.3502246656938909,No,Medium
45,Research & Development,Research Scientist,4477,0.3479985775178504,No,Medium
34,Research & Development,Research Scientist,5484,0.3477048587154268,No,Medium
44,Research & Development,Healthcare Representative,5933,0.34222557740498893,No,Medium
34,Sales,Sales Executive,9713,0.33788880579623926,No,Medium
41,Research & Development,Research Scientist,2127,0.33698893164367993,No,Medium
50,Research & Development,Laboratory Technician,2380,0.3353363705165073,No,Medium
22,Research & Development,Laboratory Technician,2935,0.33385613542029624,No,Medium
39,Sales,Sales Executive,5736,0.33344260816337223,No,Medium
26,Research & Development,Research Scientist,3904,0.3309694946936077,No,Medium
32,Research & Development,Research Scientist,3038,0.32446491087170276,No,Medium
28,Research & Development,Research Scientist,3201,0.32348036688543413,No,Medium
41,Research & Development,Manager,17181,0.3182029302386056,No,Medium
25,Sales,Sales Executive,4907,0.3136522231340181,No,Medium
40,Research & Development,Laboratory Technician,2387,0.31272424915575603,No,Medium
31,Sales,Manager,11557,0.3116184145546481,No,Medium
38,Research & Development,Laboratory Technician,2288,0.3063698946775653,No,Medium
39,Research & Development,Manufacturing Director,8376,0.30073199776489273,No,Medium
30,Research & Development,Laboratory Technician,3491,0.2965343627002661,No,Medium
35,Research & Development,Laboratory Technician,2426,0.2944935344131657,No,Medium
43,Research & Development,Research Scientist,2438,0.28876016486087497,No,Medium
39,Research & Development,Laboratory Technician,3755,0.2860351189970865,No,Medium
24,Sales,Sales Representative,2033,0.28366876013567843,No,Medium
41,Research & Development,Laboratory Technician,2238,0.2830090913825372,No,Medium
51,Research & Development,Manufacturing Director,10650,0.2823906635217771,Yes,Medium
30,Research & Development,Laboratory Technician,4011,0.27571387323945706,No,Medium
28,Research & Development,Manufacturing Director,6549,0.27384165065645616,No,Medium
32,Research & Development,Research Scientist,2439,0.2697869511809453,No,Medium
51,Research & Development,Research Scientist,2461,0.26701034302027193,Yes,Medium
30,Research & Development,Laboratory Technician,3833,0.26549700653117114,No,Medium
40,Research & Development,Manufacturing Director,13237,0.2603991631849475,No,Medium
49,Research & Development,Laboratory Technician,3211,0.2580460855176538,No,Medium
33,Research & Development,Healthcare Representative,5488,0.25079263573935306,No,Medium
29,Research & Development,Research Scientist,2109,0.25009968455852954,No,Medium
36,Research & Development,Manufacturing Director,4941,0.24946349062296608,No,Low
31,Sales,Sales Executive,9852,0.2466887552617103,No,Low
42,Sales,Sales Executive,6825,0.24468208890634136,No,Low
41,Research & Development,Laboratory Technician,4721,0.24422621193245733,No,Low
27,Research & Development,Research Scientist,2318,0.2402939993518378,No,Low
50,Human Resources,Manager,18200,0.23667527388459608,No,Low
25,Research & Development,Research Scientist,2096,0.23346522291077587,No,Low
45,Research & Development,Research Scientist,2274,0.22901969511377268,No,Low
34,Research & Development,Research Scientist,2929,0.22729150057618377,No,Low
37,Sales,Sales Executive,9525,0.22721329475607624,No,Low
28,Sales,Sales Executive,5253,0.2256398638049148,No,Low
18,Research & Development,Research Scientist,1514,0.22199702447815042,No,Low
43,Sales,Sales Executive,6804,0.22147594130136108,No,Low
36,Research & Development,Manufacturing Director,8858,0.22014148294790004,No,Low
34,Research & Development,Manufacturing Director,4724,0.2195852682078486,No,Low
37,Sales,Sales Executive,6694,0.21896999690385627,No,Low
26,Research & Development,Research Scientist,2061,0.21452698216745533,No,Low
43,Sales,Sales Executive,7847,0.2143611535473557,No,Low
56,Sales,Sales Executive,5380,0.21276165828208246,No,Low
32,Research & Development,Research Scientist,3298,0.21253468849683285,No,Low
39,Research & Development,Manufacturing Director,5295,0.20917932357007446,No,Low
58,Research & Development,Research Scientist,2479,0.20716811255063985,Yes,Low
42,Research & Development,Manufacturing Director,4434,0.20679103071588975,No,Low
33,Research & Development,Research Scientist,2686,0.2038551198839616,Yes,Low
21,Research & Development,Research Scientist,3230,0.20273132702571892,No,Low
25,Research & Development,Laboratory Technician,3669,0.19537653506057867,No,Low
32,Sales,Sales Executive,9204,0.1908521409990554,No,Low
34,Research & Development,Manufacturing Director,5957,0.1862278981756037,No,Low
43,Research & Development,Manager,19392,0.18614332507067977,No,Low
31,Human Resources,Human Resources,2109,0.18258133146560798,No,Low
32,Sales,Sales Executive,4465,0.18184211896096666,No,Low
29,Research & Development,Research Scientist,2058,0.1789000997069432,Yes,Low
46,Sales,Sales Executive,10453,0.1773563256293817,No,Low
34,Research & Development,Research Scientist,4505,0.17719335435840083,No,Low
46,Sales,Manager,16606,0.17524738851601226,No,Low
52,Sales,Sales Representative,3482,0.16929242158553237,No,Low
41,Sales,Sales Executive,8392,0.16816110436808482,No,Low
27,Sales,Sales Executive,6500,0.16770489243067968,No,Low
54,Research & Development,Research Scientist,2897,0.16529438989482384,No,Low
45,Research & Development,Healthcare Representative,5399,0.1643730720089897,No,Low
36,Research & Development,Laboratory Technician,2810,0.154646618921745,No,Low
41,Research & Development,Research Scientist,3072,0.1540758046109469,No,Low
37,Research & Development,Manufacturing Director,7491,0.1513971831130649,No,Low
34,Research & Development,Research Director,17007,0.15027996479900504,No,Low
31,Research & Development,Research Director,13675,0.14787996559384217,No,Low
27,Research & Development,Laboratory Technician,2341,0.14712727445801815,No,Low
36,Sales,Sales Executive,6201,0.14350822496736804,No,Low
32,Sales,Sales Representative,2827,0.14215072383931962,No,Low
30,Research & Development,Laboratory Technician,3072,0.13799527460063205,No,Low
39,Research & Development,Laboratory Technician,2232,0.13497193922045433,No,Low
46,Research & Development,Healthcare Representative,10527,0.13490644675677915,No,Low
27,Sales,Sales Executive,4105,0.12927650242975902,No,Low
37,Research & Development,Healthcare Representative,4107,0.12920292794939767,No,Low
51,Research & Development,Manufacturing Director,6132,0.11942255094665886,No,Low
26,Research & Development,Laboratory Technician,2544,0.1187687017428742,No,Low
36,Sales,Sales Executive,9738,0.1171587239564665,No,Low
21,Research & Development,Research Scientist,2693,0.1109578421411531,Yes,Low
59,Sales,Sales Executive,5171,0.10950636114347982,No,Low
37,Research & Development,Research Scientist,4680,0.10797077746471408,No,Low
35,Research & Development,Manufacturing Director,10274,0.10606826675631605,No,Low
28,Research & Development,Research Scientist,2377,0.10583400438355789,No,Low
41,Research & Development,Research Director,19545,0.1053952097633648,Yes,Low
38,Sales,Sales Executive,5343,0.10217140413364745,No,Low
27,Research & Development,Research Scientist,3445,0.1014768010600422,No,Low
51,Research & Development,Research Director,19537,0.10003673264770171,No,Low
23,Research & Development,Research Scientist,2904,0.09870637120358575,No,Low
33,Research & Development,Research Scientist,2911,0.09859469843236499,No,Low
38,Research & Development,Research Scientist,2821,0.09686363010056764,No,Low
33,Sales,Sales Executive,5147,0.09609179236178228,No,Low
42,Human Resources,Human Resources,6272,0.09476691438622603,No,Low
37,Research & Development,Research Director,13664,0.09474089333090462,No,Low
41,Research & Development,Healthcare Representative,6811,0.09263831633051202,No,Low
26,Research & Development,Laboratory Technician,4420,0.0898400932432335,No,Low
27,Research & Development,Research Scientist,2279,0.08958848045610417,No,Low
22,Research & Development,Research Scientist,2323,0.08621177703087532,No,Low
41,Sales,Manager,16015,0.08603483266078758,No,Low
30,Human Resources,Human Resources,2064,0.08178750054249774,No,Low
35,Research & Development,Research Scientist,2506,0.08146626557610792,No,Low
52,Research & Development,Manufacturing Director,7969,0.07951132559627314,No,Low
36,Sales,Sales Executive,5406,0.07851991682962094,No,Low
35,Research & Development,Research Scientist,2977,0.07685511587542306,No,Low
41,Human Resources,Manager,19189,0.07591554423210249,No,Low
28,Research & Development,Research Scientist,3591,0.0752254011875763,No,Low
56,Human Resources,Manager,19717,0.07442819837956165,No,Low
43,Sales,Manager,16064,0.07336426117929092,No,Low
24,Research & Development,Manufacturing Director,4377,0.07241150850454761,No,Low
43,Research & Development,Healthcare Representative,7510,0.07154543386462678,No,Low
49,Sales,Sales Executive,5390,0.06943206976231629,No,Low
34,Sales,Sales Executive,4759,0.06856342358935855,No,Low
35,Research & Development,Research Scientist,5208,0.06850395665863263,No,Low
50,Research & Development,Research Director,19237,0.06418252923526613,No,Low
42,Research & Development,Manager,19232,0.06274842119376181,No,Low
38,Sales,Sales Executive,10609,0.06133339622503591,No,Low
55,Research & Development,Manager,19187,0.06048995400892574,No,Low
59,Research & Development,Research Scientist,2177,0.06030366619944806,No,Low
56,Research & Development,Research Scientist,2066,0.05994246208179471,No,Low
35,Sales,Sales Executive,7823,0.059718501378064996,No,Low
44,Research & Development,Healthcare Representative,5033,0.05846439805085034,No,Low
43,Human Resources,Human Resources,3539,0.058348963962797935,No,Low
37,Human Resources,Human Resources,4071,0.058260345061839684,No,Low
44,Research & Development,Research Director,16328,0.0570929862815252,No,Low
46,Sales,Manager,18789,0.053409896926194037,No,Low
45,Research & Development,Manufacturing Director,5906,0.05260707157367216,No,Low
59,Research & Development,Manufacturing Director,10512,0.048670657495907675,No,Low
44,Research & Development,Manager,19190,0.047286022993882286,No,Low
58,Research & Development,Healthcare Representative,10312,0.04514294139108542,Yes,Low
52,Research & Development,Manager,19999,0.04372292050713621,No,Low
37,Research & Development,Manufacturing Director,6347,0.04165094753901864,No,Low
51,Research & Development,Healthcare Representative,13734,0.0394252358230485,No,Low
39,Sales,Sales Executive,5902,0.03899624221125872,No,Low
28,Research & Development,Research Scientist,3660,0.036975061850774704,No,Low
40,Research & Development,Healthcare Representative,4069,0.03547426811267742,No,Low
36,Research & Development,Laboratory Technician,3210,0.034943601952508514,No,Low
55,Research & Development,Research Director,19038,0.03426008981037336,No,Low
33,Research & Development,Laboratory Technician,2028,0.03229537574088065,No,Low
40,Research & Development,Healthcare Representative,6377,0.030768312689900604,No,Low
38,Sales,Sales Executive,5249,0.029206865263496116,No,Low
56,Research & Development,Research Scientist,2942,0.02911587424276219,No,Low
32,Research & Development,Research Scientist,5470,0.029056183616350817,No,Low
38,Sales,Sales Executive,4440,0.02703732233447664,No,Low
46,Research & Development,Manufacturing Director,8578,0.021251239552815313,No,Low
29,Research & Development,Research Scientist,2700,0.019861574488339383,No,Low
34,Sales,Sales Executive,4001,0.019857794628669972,No,Low
44,Research & Development,Research Scientist,2011,0.01944283085668117,No,Low
37,Research & Development,Research Director,12185,0.018745913481726762,No,Low
28,Research & Development,Research Scientist,2044,0.01837420956397285,No,Low
35,Research & Development,Manufacturing Director,6883,0.01835672502389443,No,Low
37,Research & Development,Research Scientist,2115,0.017806921581523225,No,Low
50,Research & Development,Manager,17856,0.016871890226882732,No,Low
43,Research & Development,Research Director,14336,0.015801753468730223,No,Low
45,Sales,Manager,17650,0.01285845018843596,No,Low
33,Research & Development,Research Director,16184,0.011886520347835189,No,Low
46,Research & Development,Research Director,19627,0.011330543720178441,No,Low
38,Research & Development,Healthcare Representative,9824,0.010959507674930946,No,Low
53,Research & Development,Manufacturing Director,10169,0.008543336604180241,Yes,Low
58,Research & Development,Research Director,19701,0.008401596114689488,No,Low
35,Research & Development,Healthcare Representative,5093,0.007907313623299148,No,Low
43,Research & Development,Research Director,19740,0.007234427417521519,No,Low
53,Research & Development,Research Director,14275,0.006772726741985656,No,Low
53,Research & Development,Manager,19094,0.006720978029268944,No,Low
37,Research & Development,Healthcare Representative,5163,0.005214655326798949,No,Low
49,Research & Development,Healthcare Representative,10466,0.0038913421408418017,No,Low
40,Research & Development,Research Director,19436,0.0029656256979313815,No,Low
35,Research & Development,Manufacturing Director,5762,0.0022326903196294165,No,Low
40,Research & Development,Research Director,13757,0.0021554337634839002,No,Low
